srcStateName,srcYear,Sub Centres and Health and Wellness Centers -Sub Centres functioning in rural areas-I,Primary Health Centres ( PHC ) and Health and Wellness Centers-Primary Health ( HWC_PHC ) Centers functioning in rural areas-I,Sub Centers ( SC ),Building position of Sub Centres ( SC ) and Health and Wellness Centres -Sub Centres ( HWC_SC ) functioning in rural areas,Building position for Sub Centres functioning in Government Building in Rural areas,Building Position for Sub Centres functioning in Rented Building in Rural areas ,Building Position for Sub Centres functioning in rent free Panchayat or Voluntary Society buildings in Rural areas,Building Position for Sub Centres with Buildings under Construction in Rural areas ,Building Position for Primary Health Centres and Health and Wellness canters functioning in Rural areas,Building Position for Primary Health Centers functioning in Government Building in Rural areas ,Building Position for  Primary Health Centres functioning in Rented Building in Rural areas,Building Position for Primary Health Centres functioning in Rent free Panchayat or Voluntary Society Buildings in Rural areas ,Building Position for Primary Health Centres functioning in Buildings Under Construction in Rural areas ,Building Position for Community Health Centres functioning in Rural areas,Building Position for Community Health Centres functioning in Government Building in Rural areas,Building Position for Community Health Centres functioning in  Rented Building  in Rural areas ,Building Position for Community Health Centres functioning in Rent free Panchayat or Voluntary Society Building in Rural areas,Building Position for Community Health Centres with Buildings under Construction in Rural areas,Female health worker or Auxiliary Nurse Midwife required in rural areas,Female health worker or Auxiliary Nurse Midwife ( ANM ) sanctioned in rural areas,Female health worker or Auxiliary Nurse Midwife ( ANM ) in position in rural areas,Female health worker or Auxiliary Nurse Midwife ( ANM ) vacancies in rural areas,Shortfall in female health worker or Auxiliary Nurse Midwife ( ANM ) in rural areas,Doctors requirements at Primary Health Centres ( PHC ) in rural areas,Doctors sanctioned at Primary Health Centres ( PHC ) in rural areas,Doctors in positions at Primary Health Centres ( PHC ) in rural areas,Vacancies of doctors at Primary Health Centres ( PHC ) in rural areas,Shortfall of doctors at Primary Health Centres ( PHC ) in rural areas,Specialists required at Community Health Centres ( CHC ) in rural areas,Specialists sanctioned at Community Health Centres ( CHC ) in rural areas,Specialists in position at Community Health Centres ( CHC ) in rural areas,Vacancies of Specialists at Community Health Centres ( CHC )  in rural areas,Shortfall in Specialists at Community Health Centres ( CHC ) in rural areas,Radiographers required at Community Health Centres ( CHC ) in rural areas,Radiographers sanctioned at Community Health Centres ( CHC ) in rural areas,Radiographers in position at Community Health Centres ( CHC ) in rural areas,Vacancies of Radiographers at Community Health Centres ( CHC ) in rural areas,Shortfall in Radiographers at Community Health Centres ( CHC ) in rural areas,Pharmacists required at Community Health Centres ( CHC ) and Primary Health Centres ( PHC ) in rural areas,Pharmacists sanctioned at Community Health Centres ( CHC ) and Primary Health Centres ( PHC ) in rural areas,Pharmacists in position at Community Health Centres ( CHC ) and Primary Health Centres ( PHC ) in rural areas,Vacancies of Pharmacist at Community Health Centres ( CHC ) and Primary Health Centres ( PHC ) in rural areas,Shortfall in Pharmacists at Community Health Centres( CHC ) and Primary Health Centres ( PHC ) in rural areas,Lab Technicians required at Community Health Centres ( CHC ) and Primary Health  Centres ( PHC )in rural areas,Lab Technicians sanctioned at Community Health Centres ( CHC ) and Primary Health Centres ( PHC ) in rural areas,Lab Technicians in position at Community Health Centres ( CHC ) and Primary Health Centres ( PHC ) in rural areas,Vacancies of Lab Technician at Community Health Centres ( CHC ) and Primary Health Centres ( PHC ) in rural areas,Shortfall in Lab Technicians at Community Health Centres ( CHC ) and Primary Health Centres ( PHC ) in rural areas,Nursing staff required at Community Health Centres ( CHC ) and Primary Health Centres Centres ( PHC ) in rural areas,Nursing staff sanctioned at Community Health Centres ( CHC ) and Primary Health Centres ( PHC ) in rural areas,Nursing staff in position at Community Health Centres ( CHC ) and Primary Health Centres ( PHC ) in rural areas,Vacancies of Nursing staff at Community Health Centres ( CHC ) and Primary Health Centres ( PHC ) in rural areas,Shortfall in nursing staff at Community Health Centres  ( CHC ) and Primary Health Centres ( PHC ) in rural areas,Sub Centres functioning in rural areas-II,Primary Health Centres functioning in rural areas-II,Community Health Centres ( CHC ) functioning in rural areas-II,Total Builiding Positions of Sub Centres in Rural areas-II,Builiding Position for Sub Centres functioning in Government Builidings in Rural Areas-II,Total Building Positions of Primary Health Centres ( PHC ) in Rural Areas-II,Builiding Position for Primary Health Centres ( PHC ) in Government Builidings in Rural Areas-II,Total Builiding Position of Community Health Centres ( CHC ) in Rural Areas-II,Builiding Position for Community Health Centres ( CHC ) functioning in Government Builidings in Rural Areas-II,Female health worker or Auxiliary Nurse Midwife (ANM) at Sub Center and Primary Health Centre in Rural Areas- I,Doctors in position at Primary Health Centres ( PHC ) in rural areas-I,Total Specialists at Community Health Centre ( PHC )  in Rural Areas- I,Radiographers in position at Community Health Centres ( CHC )in rural areas-II,Pharmacists in position at Community Health Centres ( CHC ) and Primary Health Centres (PHC ) in rural areas-II,Lab Technicians in position at Community Health Centres ( CHC ) and Primary Health Centres ( PHC ) in rural areas-II,Nursing staff in position at Community Health Centres ( CHC ) and Primary Health Centres ( PHC ) in rural areas -II,YearCode,Year
Meghalaya,2019,477,118,28,477,468,2,7,0,118,118,0,0,0,28,28,0,0,0,595,,1173,,0,118,,149,,0,112,,4,,108,28,,18,,10,146,,171,,0,146,,174,,0,314,,751,,0,477,118,28,477,468,118,118,28,28,1173,149,4,18,171,174,751,2019,"Financial Year (Apr - Mar), 2019"
Chandigarh,2020,0,0,0,0,,,,,0,,,,,0,,,,,0,,,,,0,,,,,0,,,,,0,,,,,0,,,,,0,,,,,0,,,,,0,0,0,0,,0,,0,,,,,,,,,2020,"Financial Year (Apr - Mar), 2020"
Chandigarh,2021,0,0,0,0,,,,,0,,,,,0,,,,,0,,,,,0,,,,,0,,,,,0,,,,,0,,,,,0,,,,,0,,,,,0,0,0,0,,0,,0,,,,,,,,,2021,"Financial Year (Apr - Mar), 2021"
Gujarat,2019,9166,1476,362,9166,8515,272,379,2688,1476,1476,0,0,0,362,361,1,0,90,10642,10642,9168,1474,1474,1476,2639,2186,453,0,1448,601,118,483,1330,362,364,192,172,170,1838,1875,1675,200,163,1838,1841,1729,112,109,4010,5230,4218,1012,0,9166,1476,362,9166,8515,1476,1476,362,361,9168,2186,118,192,1675,1729,4218,2019,"Financial Year (Apr - Mar), 2019"
Haryana,2019,2604,379,115,2604,1669,275,660,9,379,321,4,54,15,115,112,1,2,9,2983,3938,4606,0,0,379,684,542,142,0,460,51,15,36,445,115,79,54,25,61,494,550,430,120,64,494,535,356,179,138,1184,2355,2110,245,0,2604,379,115,2604,1669,379,321,115,112,4606,542,15,54,430,356,2110,2019,"Financial Year (Apr - Mar), 2019"
Delhi,2021,12,5,0,12,1,8,3,,5,5,0,0,,0,,,,,17,37,35,2,0,5,19,16,3,0,0,,,,,0,,,,,5,4,3,1,2,5,7,6,1,0,5,6,6,0,0,12,5,0,12,1,5,5,0,,35,16,,,3,6,6,2021,"Financial Year (Apr - Mar), 2021"
Himachal Pradesh,2019,2089,586,87,2089,1588,25,476,0,586,455,17,114,0,87,85,1,1,0,2675,2381,1845,536,830,586,722,486,236,100,348,,5,,343,87,65,24,41,63,673,594,293,301,380,673,,78,,595,1195,842,404,438,791,2089,586,87,2089,1588,586,455,87,85,1845,486,5,24,293,78,404,2019,"Financial Year (Apr - Mar), 2019"
Andhra Pradesh,2019,7437,1145,140,7437,1769,5668,0,4,1145,1145,0,0,42,140,140,0,0,0,8582,14275,11815,2460,0,1145,1862,1715,147,0,560,295,237,58,323,140,91,40,51,100,1285,1333,1016,317,269,1285,1156,817,339,468,2125,3190,2861,329,0,7437,1145,140,7437,1769,1145,1145,140,140,11815,1715,237,40,1016,817,2861,2019,"Financial Year (Apr - Mar), 2019"
Arunachal Pradesh,2019,385,143,63,385,385,0,0,0,143,143,0,0,0,63,63,0,0,0,528,,689,,0,143,,116,,27,252,,4,,248,63,,17,,46,206,,101,,105,206,,113,,93,584,,617,,0,385,143,63,385,385,143,143,63,63,689,116,4,17,101,113,617,2019,"Financial Year (Apr - Mar), 2019"
Assam,2019,4643,946,177,4643,4049,466,128,0,946,946,0,0,0,177,177,0,0,0,5589,,11502,,0,946,,1925,,0,708,,136,,572,177,,90,,87,1123,,1779,,0,1123,,1409,,0,2185,,3369,,0,4643,946,177,4643,4049,946,946,177,177,11502,1925,136,90,1779,1409,3369,2019,"Financial Year (Apr - Mar), 2019"
Bihar,2019,9949,1899,150,9949,5643,3277,1029,45,1899,1493,384,22,45,150,150,0,0,0,11848,,24228,,0,1899,,2085,,0,600,,82,,518,150,,1,,149,2049,,287,,1762,2049,,611,,1438,2949,,1630,,1319,9949,1899,150,9949,5643,1899,1493,150,150,24228,2085,82,1,287,611,1630,2019,"Financial Year (Apr - Mar), 2019"
West Bengal,2019,10357,908,348,10357,7819,1887,651,419,908,894,14,0,0,348,348,0,0,0,11265,19624,18997,627,0,908,1326,810,516,98,1392,574,71,503,1321,348,280,182,98,166,1256,1543,1411,132,0,1256,925,785,140,471,3344,7062,5811,1251,0,10357,908,348,10357,7819,908,894,348,348,18997,810,71,182,1411,785,5811,2019,"Financial Year (Apr - Mar), 2019"
Chhattisgarh,2019,5205,792,170,5205,4202,56,947,244,792,677,0,115,37,170,159,0,11,8,5997,6055,6808,0,0,792,792,321,471,471,680,671,61,610,619,170,180,161,19,9,962,1126,1003,123,0,962,1150,844,306,118,1982,3426,2618,808,0,5205,792,170,5205,4202,792,677,170,159,6808,321,61,161,1003,844,2618,2019,"Financial Year (Apr - Mar), 2019"
Goa,2019,219,24,5,219,46,173,0,0,24,23,1,0,1,5,5,0,0,0,243,308,250,58,0,24,48,56,0,0,20,5,5,0,15,5,7,7,0,0,29,43,41,2,0,29,31,30,1,0,59,129,135,0,0,219,24,5,219,46,24,23,5,5,250,56,5,7,41,30,135,2019,"Financial Year (Apr - Mar), 2019"
Jammu & Kashmir,2019,3025,622,84,3025,956,2069,0,49,622,506,116,0,49,84,84,0,0,25,3647,5457,4908,549,0,622,1542,919,623,0,336,344,242,102,94,84,305,226,79,0,706,1248,1235,13,0,706,938,901,37,0,1210,1844,1513,331,0,3025,622,84,3025,956,622,506,84,84,4908,919,242,226,1235,901,1513,2019,"Financial Year (Apr - Mar), 2019"
Jharkhand,2019,3848,298,171,3848,2277,698,873,1470,298,255,17,26,237,171,171,0,0,163,4146,9017,6325,2692,0,298,667,336,331,0,684,700,66,634,618,171,171,59,112,112,469,388,241,147,228,469,640,264,376,205,1495,2799,1190,1609,305,3848,298,171,3848,2277,298,255,171,171,6325,336,66,59,241,264,1190,2019,"Financial Year (Apr - Mar), 2019"
Karnataka,2019,9758,2127,198,9758,7908,1243,607,132,2127,2054,32,41,132,198,198,0,0,12,11885,8243,8462,0,3423,2127,2127,2111,16,16,792,792,465,327,327,198,198,167,31,31,2325,2415,1973,442,352,2325,1777,1469,308,856,3513,2772,3511,0,2,9758,2127,198,9758,7908,2127,2054,198,198,8462,2111,465,167,1973,1469,3511,2019,"Financial Year (Apr - Mar), 2019"
Kerala,2019,5380,848,227,5380,4260,320,800,0,848,779,59,10,0,227,227,0,0,0,6228,7489,7504,0,0,848,1460,1531,0,0,908,25,35,0,873,227,0,0,0,227,1075,1188,1299,0,0,1075,291,372,0,703,2437,2133,2427,0,10,5380,848,227,5380,4260,848,779,227,227,7504,1531,35,0,1299,372,2427,2019,"Financial Year (Apr - Mar), 2019"
Madhya Pradesh,2019,10226,1199,309,10226,7505,1157,1564,499,1199,1164,7,28,255,309,309,0,0,24,11425,14550,11824,2726,0,1199,2024,1053,971,146,1236,1236,104,1132,1132,309,312,214,98,95,1508,1780,1383,397,125,1508,976,1021,0,487,3362,5658,2816,2842,546,10226,1199,309,10226,7505,1199,1164,309,309,11824,1053,104,214,1383,1021,2816,2019,"Financial Year (Apr - Mar), 2019"
Maharashtra,2019,10668,1828,364,10668,9863,347,458,77,1828,1796,10,22,38,364,364,0,0,0,12496,23393,21753,1640,0,1828,3189,2951,238,0,1456,823,485,338,971,364,140,107,33,257,2192,1998,1825,173,367,2192,1862,1436,426,756,4376,2957,2698,259,1678,10668,1828,364,10668,9863,1828,1796,364,364,21753,2951,485,107,1825,1436,2698,2019,"Financial Year (Apr - Mar), 2019"
Manipur,2019,490,90,23,490,459,31,0,18,90,90,0,0,0,23,23,0,0,0,580,1187,1044,143,0,90,238,208,30,0,92,4,3,1,89,23,51,56,0,0,113,145,161,0,0,113,102,75,27,38,251,484,430,54,0,490,90,23,490,459,90,90,23,23,1044,208,3,56,161,75,430,2019,"Financial Year (Apr - Mar), 2019"
Mizoram,2019,370,59,9,370,370,0,0,0,59,59,0,0,0,9,9,0,0,0,429,,699,,0,59,,60,,0,36,,0,,36,9,,5,,4,68,,56,,12,68,,86,,0,122,,205,,0,370,59,9,370,370,59,59,9,9,699,60,0,5,56,86,205,2019,"Financial Year (Apr - Mar), 2019"
Nagaland,2019,433,126,21,433,316,1,116,59,126,118,0,8,1,21,21,0,0,0,559,962,1008,0,0,126,131,133,0,0,84,,8,,76,21,3,3,0,18,147,116,117,0,30,147,95,96,0,51,273,191,381,0,0,433,126,21,433,316,126,118,21,21,1008,133,8,3,117,96,381,2019,"Financial Year (Apr - Mar), 2019"
Odisha,2019,6688,1288,377,6688,4797,1724,167,892,1288,1288,0,0,0,377,377,0,0,0,7976,7686,9187,0,0,1288,1346,813,533,475,1508,1529,236,1293,1272,377,127,66,61,311,1665,1850,1778,72,0,1665,447,632,0,1033,3927,1477,2568,0,1359,6688,1288,377,6688,4797,1288,1288,377,377,9187,813,236,66,1778,632,2568,2019,"Financial Year (Apr - Mar), 2019"
Punjab,2019,2950,416,89,2950,1907,0,1043,0,416,368,0,48,0,89,89,0,0,0,3366,4518,4530,0,0,416,575,562,13,0,356,496,93,403,263,89,144,139,5,0,505,760,722,38,0,505,561,551,10,0,1039,2000,1806,194,0,2950,416,89,2950,1907,416,368,89,89,4530,562,93,139,722,551,1806,2019,"Financial Year (Apr - Mar), 2019"
Rajasthan,2019,13512,2082,571,13512,10647,1206,1659,253,2082,1952,20,110,103,571,552,2,17,22,15594,18437,15425,3012,169,2082,2268,1932,336,150,2284,1434,455,979,1829,571,692,343,349,228,2653,2181,1224,957,1429,2653,2781,1893,888,760,6079,11312,8889,2423,0,13512,2082,571,13512,10647,2082,1952,571,552,15425,1932,455,343,1224,1893,8889,2019,"Financial Year (Apr - Mar), 2019"
Sikkim,2019,176,29,2,176,175,1,0,1,29,29,0,0,0,2,2,0,0,0,205,,260,,0,29,,41,,0,8,,0,,8,2,,4,,0,31,,15,,16,31,,35,,0,43,,73,,0,176,29,2,176,175,29,29,2,2,260,41,0,4,15,35,73,2019,"Financial Year (Apr - Mar), 2019"
Tamil Nadu,2019,8713,1422,385,8713,6579,1833,301,10,1422,1374,0,48,34,385,385,0,0,0,10135,11135,9983,1152,152,1422,2844,1777,1067,0,1540,,179,,1361,385,246,92,154,293,1807,2657,2043,614,0,1807,2223,1064,1159,743,4117,6839,5888,951,0,8713,1422,385,8713,6579,1422,1374,385,385,9983,1777,179,92,2043,1064,5888,2019,"Financial Year (Apr - Mar), 2019"
Telangana,2019,4744,636,85,4744,1273,3471,0,39,636,636,0,0,0,85,85,0,0,0,5380,8996,7932,1064,0,636,1254,1213,41,0,340,625,258,367,82,85,99,44,55,41,721,675,442,233,279,721,773,647,126,74,1231,2547,2097,450,0,4744,636,85,4744,1273,636,636,85,85,7932,1213,258,44,442,647,2097,2019,"Financial Year (Apr - Mar), 2019"
Tripura,2019,972,108,18,972,810,28,134,17,108,108,0,0,3,18,18,0,0,1,1080,,664,,416,108,,216,,0,72,,2,,70,18,,11,,7,126,,163,,0,126,,120,,6,234,,636,,0,972,108,18,972,810,108,108,18,18,664,216,2,11,163,120,636,2019,"Financial Year (Apr - Mar), 2019"
Uttarakhand,2019,1847,257,67,1847,1304,506,37,29,257,227,18,12,5,67,67,0,0,0,2104,2283,1825,458,279,257,476,269,207,0,268,284,27,257,241,67,22,5,17,62,324,325,304,21,20,324,136,63,73,261,726,392,329,63,397,1847,257,67,1847,1304,257,227,67,67,1825,269,27,5,304,63,329,2019,"Financial Year (Apr - Mar), 2019"
Uttar Pradesh,2019,20782,2936,679,20782,20782,0,0,0,2936,2936,0,0,0,679,679,0,0,0,23718,28557,29082,0,0,2936,4509,3180,1329,0,2716,2099,484,1615,2232,679,230,82,148,597,3615,2952,2883,69,732,3615,1332,963,369,2652,7689,2768,18504,0,0,20782,2936,679,20782,20782,2936,2936,679,679,29082,3180,484,82,2883,963,18504,2019,"Financial Year (Apr - Mar), 2019"
A& N Islands,2019,124,22,4,124,124,0,0,0,22,22,0,0,0,4,4,0,0,0,146,350,336,14,0,22,42,34,8,0,16,9,0,9,16,4,0,0,0,4,26,53,49,4,0,26,23,19,4,7,50,199,193,6,0,124,22,4,124,124,22,22,4,4,336,34,0,0,49,19,193,2019,"Financial Year (Apr - Mar), 2019"
Chandigarh,2019,0,0,0,0,0,0,0,0,0,0,0,0,0,0,0,0,0,0,0,0,0,0,0,0,0,0,0,0,0,0,0,0,0,0,0,0,0,0,0,0,0,0,0,0,0,0,0,0,0,0,0,0,0,0,0,0,0,0,0,0,0,0,0,0,0,0,0,0,0,2019,"Financial Year (Apr - Mar), 2019"
Dadra & Nagar Haveli,2019,71,9,2,71,63,4,4,14,9,9,0,0,0,2,2,0,0,0,80,36,137,0,0,9,12,12,0,0,8,0,0,0,8,2,2,2,0,0,11,16,14,2,0,11,17,17,0,0,23,51,51,0,0,71,9,2,71,63,9,9,2,2,137,12,0,2,14,17,51,2019,"Financial Year (Apr - Mar), 2019"
Daman & Diu,2019,23,4,0,23,19,4,0,0,4,3,0,1,0,0,0,0,0,0,27,55,52,3,0,4,8,3,5,1,0,0,0,0,0,0,0,0,0,0,4,6,4,2,0,4,6,4,2,0,4,18,11,7,0,23,4,0,23,19,4,3,0,0,52,3,0,0,4,4,11,2019,"Financial Year (Apr - Mar), 2019"
Delhi,2019,12,5,0,12,1,11,0,0,5,5,0,0,0,0,0,0,0,0,17,12,24,0,0,5,7,5,2,0,0,0,0,0,0,0,0,0,0,0,5,5,4,1,1,5,2,2,0,3,5,0,0,0,5,12,5,0,12,1,5,5,0,0,24,5,0,0,4,2,0,2019,"Financial Year (Apr - Mar), 2019"
Lakshadweep,2019,14,4,3,14,8,6,0,0,4,4,0,0,0,3,3,0,0,0,18,47,47,0,0,4,8,8,0,0,12,0,0,0,12,3,5,5,0,0,7,16,16,0,0,7,13,13,0,0,25,54,54,0,0,14,4,3,14,8,4,4,3,3,47,8,0,5,16,13,54,2019,"Financial Year (Apr - Mar), 2019"
Puducherry,2019,54,24,2,54,44,9,1,0,24,24,0,0,0,2,2,0,0,0,78,,128,,0,24,24,41,0,0,8,0,1,0,7,2,0,3,0,0,26,29,46,0,0,26,7,26,0,0,38,72,182,0,0,54,24,2,54,44,24,24,2,2,128,41,1,3,46,26,182,2019,"Financial Year (Apr - Mar), 2019"
Jammu & Kashmir,2021,2426,891,63,2426,750,1676,0,,891,648,243,0,,63,63,0,0,,3317,4726,4418,308,0,891,1542,965,577,0,252,308,181,127,71,63,320,251,69,0,954,1203,971,232,0,954,829,696,133,258,1332,1779,1525,254,0,2426,891,63,2426,750,891,648,63,63,4418,965,181,251,971,696,1525,2021,"Financial Year (Apr - Mar), 2021"
Ladakh,2021,289,32,7,289,217,67,5,,32,32,0,0,,7,7,0,0,,321,478,394,84,0,32,93,45,48,0,28,36,8,28,20,7,27,26,1,0,39,82,71,11,0,39,52,44,8,0,81,134,109,25,0,289,32,7,289,217,32,32,7,7,394,45,8,26,71,44,109,2021,"Financial Year (Apr - Mar), 2021"
Lakshadweep,2021,7,4,3,7,7,0,0,,4,4,0,0,,3,3,0,0,,11,26,24,2,0,4,13,13,0,0,12,8,8,0,4,3,6,5,1,0,7,14,11,3,0,7,12,10,2,0,25,58,46,12,0,7,4,3,7,7,4,4,3,3,24,13,8,5,11,10,46,2021,"Financial Year (Apr - Mar), 2021"
Puducherry,2021,53,24,3,53,40,13,0,,24,24,0,0,,3,3,0,0,,77,120,119,1,0,24,45,45,0,0,12,1,0,1,12,3,3,3,0,0,27,30,33,0,0,27,30,28,2,0,45,133,148,0,0,53,24,3,53,40,24,24,3,3,119,45,0,3,33,28,148,2021,"Financial Year (Apr - Mar), 2021"
Tripura,2021,967,108,22,967,804,19,144,,108,108,0,0,,22,22,0,0,,1075,,695,,380,108,,230,,0,88,,4,,84,22,,12,,10,130,,166,,0,130,,142,,0,262,,759,,0,967,108,22,967,804,108,108,22,22,695,230,4,12,166,142,759,2021,"Financial Year (Apr - Mar), 2021"
Andhra Pradesh,2021,7437,1142,141,7437,2321,3851,1265,,1142,1126,1,15,,141,141,0,0,,8579,16255,14889,1366,0,1142,2146,2001,145,0,564,473,322,151,242,141,112,48,64,93,1283,1421,1205,216,78,1283,1455,1122,333,161,2129,4466,3770,696,0,7437,1142,141,7437,2321,1142,1126,141,141,14889,2001,322,48,1205,1122,3770,2021,"Financial Year (Apr - Mar), 2021"
Arunachal Pradesh,2021,337,122,57,337,337,0,0,,122,122,0,0,,57,57,0,0,,459,486,596,0,0,122,114,135,0,0,228,17,19,0,209,57,12,16,0,41,179,84,101,0,78,179,110,129,0,50,521,538,681,0,0,337,122,57,337,337,122,122,57,57,596,135,19,16,101,129,681,2021,"Financial Year (Apr - Mar), 2021"
Assam,2021,4663,948,197,4663,3881,658,124,,948,926,9,13,,197,197,0,0,,5611,9094,8650,444,0,948,1677,1383,294,0,788,300,174,126,614,197,138,122,16,75,1145,1402,1350,52,0,1145,1393,1272,121,0,2327,3864,3403,461,0,4663,948,197,4663,3881,948,926,197,197,8650,1383,174,122,1350,1272,3403,2021,"Financial Year (Apr - Mar), 2021"
Bihar,2021,10258,1932,306,10258,2881,3472,3905,,1932,1395,537,0,,306,306,0,0,,12190,45109,20403,24706,0,1932,4317,2902,1415,0,1224,836,106,730,1118,306,0,0,0,306,2238,4126,1077,3049,1161,2238,4331,979,3352,1259,4074,15864,4956,10908,0,10258,1932,306,10258,2881,1932,1395,306,306,20403,2902,106,0,1077,979,4956,2021,"Financial Year (Apr - Mar), 2021"
Chhattisgarh,2021,5115,769,166,5115,4344,25,746,,769,714,2,53,,166,163,0,3,,5884,7058,8273,0,0,769,874,498,376,271,664,606,104,502,560,166,174,153,21,13,935,1061,818,243,117,935,1167,1003,164,0,1931,3847,3500,347,0,5115,769,166,5115,4344,769,714,166,163,8273,498,104,153,818,1003,3500,2021,"Financial Year (Apr - Mar), 2021"
Goa,2021,219,23,6,219,61,135,23,,23,20,3,0,,6,6,0,0,,242,447,390,57,0,23,96,87,9,0,24,16,5,11,19,6,6,5,1,1,29,60,56,4,0,29,46,48,0,0,65,265,260,5,0,219,23,6,219,61,23,20,6,6,390,87,5,5,56,48,260,2021,"Financial Year (Apr - Mar), 2021"
Gujarat,2021,9162,1477,333,9162,5956,126,3080,,1477,1189,16,272,,333,293,1,39,,10639,11618,10023,1595,616,1477,1903,1679,224,0,1332,366,135,231,1197,333,26,8,18,325,1810,1810,1626,184,184,1810,1810,1764,46,46,3808,4310,3799,511,9,9162,1477,333,9162,5956,1477,1189,333,293,10023,1679,135,8,1626,1764,3799,2021,"Financial Year (Apr - Mar), 2021"
Haryana,2021,2626,384,124,2626,1608,265,753,,384,310,4,70,,124,119,1,4,,3010,5272,4428,844,0,384,812,655,157,0,496,0,22,0,474,124,144,30,114,94,508,667,388,279,120,508,729,398,331,110,1252,3437,2438,999,0,2626,384,124,2626,1608,384,310,124,119,4428,655,22,30,388,398,2438,2021,"Financial Year (Apr - Mar), 2021"
Himachal Pradesh,2021,2114,553,98,2114,1616,23,475,,553,450,23,80,,98,96,0,2,,2667,2215,1414,801,1253,553,618,517,101,36,392,,8,,384,98,60,37,23,61,651,694,529,165,122,651,298,114,184,537,1239,743,452,291,787,2114,553,98,2114,1616,553,450,98,96,1414,517,8,37,529,114,452,2021,"Financial Year (Apr - Mar), 2021"
Jharkhand,2021,3848,291,171,3848,2422,1219,207,,291,232,9,50,,171,171,0,0,,4139,8278,5185,3093,0,291,291,278,13,13,684,684,186,498,498,171,171,124,47,47,462,462,225,237,237,462,582,371,211,91,1488,462,1205,0,283,3848,291,171,3848,2422,291,232,171,171,5185,278,186,124,225,371,1205,2021,"Financial Year (Apr - Mar), 2021"
Karnataka,2021,8891,2141,182,8891,4734,1716,2441,,2141,1859,50,232,,182,182,0,0,,11032,14240,11394,2846,0,2141,2406,1801,605,340,728,462,219,243,509,182,140,114,26,68,2323,3935,2793,1142,0,2323,2085,1724,361,599,3415,4773,4133,640,0,8891,2141,182,8891,4734,2141,1859,182,182,11394,1801,219,114,2793,1724,4133,2021,"Financial Year (Apr - Mar), 2021"
Kerala,2021,5234,782,213,5234,3446,499,1289,,782,764,11,7,,213,213,0,0,,6016,6730,5895,835,121,782,1500,1431,69,0,852,54,54,0,798,213,17,12,5,201,995,1200,1166,34,0,995,689,664,25,331,2273,3090,2826,264,0,5234,782,213,5234,3446,782,764,213,213,5895,1431,54,12,1166,664,2826,2021,"Financial Year (Apr - Mar), 2021"
Madhya Pradesh,2021,10189,1234,295,10189,8525,587,1077,,1234,1140,94,0,,295,289,6,0,,11423,12867,11981,886,0,1234,1887,1307,580,0,1180,945,43,902,1137,295,295,191,104,104,1529,1529,1437,92,92,1529,1529,1067,462,462,3299,3594,3418,176,0,10189,1234,295,10189,8525,1234,1140,295,289,11981,1307,43,191,1437,1067,3418,2021,"Financial Year (Apr - Mar), 2021"
Maharashtra,2021,10673,1839,270,10673,9285,358,1030,,1839,1758,15,66,,270,263,1,6,,12512,17867,14486,3381,0,1839,4021,3252,769,0,1080,483,337,146,743,270,142,107,35,163,2109,2213,1916,297,193,2109,2194,1630,564,479,3729,4218,3298,920,431,10673,1839,270,10673,9285,1839,1758,270,263,14486,3252,337,107,1916,1630,3298,2021,"Financial Year (Apr - Mar), 2021"
Manipur,2021,416,86,17,416,335,14,67,,86,81,0,5,,17,17,0,0,,502,1140,1006,134,0,86,337,308,29,0,68,26,15,11,53,17,11,7,4,10,103,166,166,0,0,103,135,118,17,0,205,465,424,41,0,416,86,17,416,335,86,81,17,17,1006,308,15,7,166,118,424,2021,"Financial Year (Apr - Mar), 2021"
Meghalaya,2021,448,121,28,448,440,0,8,,121,120,0,1,,28,28,0,0,,569,1074,1122,0,0,121,175,162,13,0,112,3,3,0,109,28,17,21,0,7,149,165,178,0,0,149,176,190,0,0,317,718,782,0,0,448,121,28,448,440,121,120,28,28,1122,162,3,21,178,190,782,2021,"Financial Year (Apr - Mar), 2021"
Mizoram,2021,340,62,9,340,329,7,4,,62,62,0,0,,9,9,0,0,,402,,324,,78,62,0,58,0,4,36,0,0,0,36,9,0,7,0,2,71,0,36,0,35,71,0,83,0,0,125,0,230,0,0,340,62,9,340,329,62,62,9,9,324,58,0,7,36,83,230,2021,"Financial Year (Apr - Mar), 2021"
Nagaland,2021,427,131,21,427,371,2,54,,131,127,0,4,,21,21,0,0,,558,647,1008,0,0,131,97,123,0,8,84,10,7,3,77,21,4,5,0,16,152,105,124,0,28,152,116,141,0,11,278,329,398,0,0,427,131,21,427,371,131,127,21,21,1008,123,7,5,124,141,398,2021,"Financial Year (Apr - Mar), 2021"
Odisha,2021,6688,1288,377,6688,4951,1351,386,,1288,1259,0,29,,377,377,0,0,,7976,8498,7579,919,397,1288,1331,926,405,362,1508,1511,309,1202,1199,377,158,70,88,307,1665,2045,1701,344,0,1665,1047,839,208,826,3927,4469,2279,2190,1648,6688,1288,377,6688,4951,1288,1259,377,377,7579,926,309,70,1701,839,2279,2021,"Financial Year (Apr - Mar), 2021"
Punjab,2021,2951,422,150,2951,1729,6,1216,,422,366,0,56,,150,150,0,0,,3373,4538,3371,1167,2,422,610,401,209,21,600,562,153,409,447,150,166,155,11,0,572,923,730,193,0,572,857,601,256,0,1472,2899,1912,987,0,2951,422,150,2951,1729,422,366,150,150,3371,401,153,155,730,601,1912,2021,"Financial Year (Apr - Mar), 2021"
Rajasthan,2021,13531,2130,589,13531,10709,857,1965,,2130,1964,41,125,,589,558,3,28,,15661,17941,15454,2487,207,2130,2463,2101,362,29,2356,1473,479,994,1877,589,700,329,371,260,2719,2336,1193,1143,1526,2719,3116,2097,1019,622,6253,11286,9239,2047,0,13531,2130,589,13531,10709,2130,1964,589,558,15454,2101,479,329,1193,2097,9239,2021,"Financial Year (Apr - Mar), 2021"
Sikkim,2021,147,24,2,147,146,1,0,,24,24,0,0,,2,2,0,0,,171,296,318,0,0,24,39,38,1,0,8,24,0,24,8,2,4,4,0,0,26,24,21,3,5,26,40,41,0,0,38,124,128,0,0,147,24,2,147,146,24,24,2,2,318,38,0,4,21,41,128,2021,"Financial Year (Apr - Mar), 2021"
Tamil Nadu,2021,8713,1422,385,8713,6484,1737,492,,1422,1392,0,30,,385,385,0,0,,10135,11412,10859,553,0,1422,2991,2725,266,0,1540,326,251,75,1289,385,267,212,55,173,1807,1877,1572,305,235,1807,2011,1533,478,274,4117,8733,7811,922,0,8713,1422,385,8713,6484,1422,1392,385,385,10859,2725,251,212,1572,1533,7811,2021,"Financial Year (Apr - Mar), 2021"
Telangana,2021,4744,636,85,4744,1273,2694,777,,636,636,0,0,,85,85,0,0,,5380,8996,7943,1053,0,636,1254,1213,41,0,340,625,258,367,82,85,99,44,55,41,721,675,442,233,279,721,773,647,126,74,1231,2412,2076,336,0,4744,636,85,4744,1273,636,636,85,85,7943,1213,258,44,442,647,2076,2021,"Financial Year (Apr - Mar), 2021"
Uttarakhand,2021,1823,245,53,1823,1340,446,37,,245,224,9,12,,53,51,2,0,,2068,2274,1816,458,252,245,416,301,115,0,212,236,52,184,160,53,37,16,21,37,298,341,310,31,0,298,176,93,83,205,616,631,383,248,233,1823,245,53,1823,1340,245,224,53,51,1816,301,52,16,310,93,383,2021,"Financial Year (Apr - Mar), 2021"
Uttar Pradesh,2021,20778,2923,753,20778,17124,3262,392,,2923,2677,212,34,,753,718,29,6,,23701,28448,21830,6618,1871,2923,4448,3093,1355,0,3012,2902,872,2030,2140,753,508,185,323,568,3676,5296,4655,641,0,3676,3378,2185,1193,1491,8194,11251,6512,4739,1682,20778,2923,753,20778,17124,2923,2677,753,718,21830,3093,872,185,4655,2185,6512,2021,"Financial Year (Apr - Mar), 2021"
West Bengal,2021,10357,915,348,10357,8338,1234,785,,915,913,1,1,,348,348,0,0,,11272,20378,18159,2219,0,915,1533,955,578,0,1392,328,67,261,1325,348,178,94,84,254,1263,1648,1412,236,0,1263,1515,896,619,367,3351,7597,5909,1688,0,10357,915,348,10357,8338,915,913,348,348,18159,955,67,94,1412,896,5909,2021,"Financial Year (Apr - Mar), 2021"
Andaman & Nicobar Islands,2021,124,22,4,124,124,0,0,,22,22,0,0,,4,4,0,0,,146,194,185,9,0,22,53,50,3,0,16,16,4,12,12,4,4,4,0,0,26,32,34,0,0,26,27,24,3,2,50,152,151,1,0,124,22,4,124,124,22,22,4,4,185,50,4,4,34,24,151,2021,"Financial Year (Apr - Mar), 2021"
Dadra & Nagar Haveli and Daman & Diu,2021,94,12,3,94,76,5,13,,12,12,0,0,,3,3,0,0,,106,154,154,0,0,12,22,22,0,0,12,0,0,0,12,3,2,1,1,2,15,21,21,0,0,15,24,24,0,0,33,78,78,0,0,94,12,3,94,76,12,12,3,3,154,22,0,1,21,24,78,2021,"Financial Year (Apr - Mar), 2021"
Andhra Pradesh,2020,7437,1142,141,7437,2326,4811,300,,1142,1126,1,15,,141,141,0,0,,8579,17126,15742,1384,0,1142,1861,1798,63,0,564,378,315,63,249,141,112,56,56,85,1283,1263,1039,224,244,1283,1241,913,328,370,2129,3421,3088,333,0,7437,1142,141,7437,2326,1142,1126,141,141,15742,1798,315,56,1039,913,3088,2020,"Financial Year (Apr - Mar), 2020"
Arunachal Pradesh,2020,356,119,60,356,356,0,0,,119,119,0,0,,60,60,0,0,,475,,471,,4,119,,194,,0,240,,14,,226,60,,13,,47,179,,108,,71,179,,120,,59,539,,679,,0,356,119,60,356,356,119,119,60,60,471,194,14,13,108,120,679,2020,"Financial Year (Apr - Mar), 2020"
Assam,2020,4659,946,190,4659,3626,695,338,,946,946,0,0,,190,190,0,0,,5605,5216,8614,0,0,946,906,1424,0,0,760,126,188,0,572,190,51,117,0,73,1136,731,1384,0,0,1136,608,1279,0,0,2276,1512,3575,0,0,4659,946,190,4659,3626,946,946,190,190,8614,1424,188,117,1384,1279,3575,2020,"Financial Year (Apr - Mar), 2020"
Bihar,2020,9112,1702,57,9112,3756,3250,2106,,1702,986,362,354,,57,57,0,0,,10814,24121,15656,8465,0,1702,4129,1745,2384,0,228,636,124,512,104,57,94,3,91,54,1759,1567,492,1075,1267,1759,1506,438,1068,1321,2101,3594,1346,2248,755,9112,1702,57,9112,3756,1702,986,57,57,15656,1745,124,3,492,438,1346,2020,"Financial Year (Apr - Mar), 2020"
Chhattisgarh,2020,5205,792,170,5205,4160,573,472,,792,677,0,115,,170,160,0,10,,5997,6377,5921,456,76,792,811,388,423,404,680,581,62,519,618,170,170,161,9,9,962,1079,946,133,16,962,1000,811,189,151,1982,3186,2718,468,0,5205,792,170,5205,4160,792,677,170,160,5921,388,62,161,946,811,2718,2020,"Financial Year (Apr - Mar), 2020"
Goa,2020,218,55,6,218,93,122,3,,55,22,3,30,,6,6,0,0,,273,342,347,0,0,55,72,75,0,0,24,12,14,0,10,6,4,2,2,4,61,51,57,0,4,61,38,44,0,17,97,267,273,0,0,218,55,6,218,93,55,22,6,6,347,75,14,2,57,44,273,2020,"Financial Year (Apr - Mar), 2020"
Gujarat,2020,9162,1477,348,9162,6358,147,2657,,1477,1226,3,248,,348,298,0,50,,10639,12023,9566,2457,1073,1477,1869,1490,379,0,1392,268,13,255,1379,348,348,126,222,222,1825,1846,1538,308,287,1825,1792,1478,314,347,3913,3639,2969,670,944,9162,1477,348,9162,6358,1477,1226,348,298,9566,1490,13,126,1538,1478,2969,2020,"Financial Year (Apr - Mar), 2020"
Haryana,2020,2617,385,118,2617,1714,362,541,,385,301,14,70,,118,113,2,3,,3002,5337,4534,803,0,385,766,491,275,0,472,135,27,108,445,118,109,38,71,80,503,656,405,251,98,503,671,400,271,103,1211,2921,2193,728,0,2617,385,118,2617,1714,385,301,118,113,4534,491,27,38,405,400,2193,2020,"Financial Year (Apr - Mar), 2020"
Himachal Pradesh,2020,2092,564,85,2092,1630,25,437,,564,485,6,73,,85,83,1,1,,2656,2281,1664,617,992,564,722,471,251,93,340,16,21,0,319,85,38,26,12,59,649,723,511,212,138,649,239,48,191,601,1159,458,242,216,917,2092,564,85,2092,1630,564,485,85,83,1664,471,21,26,511,48,242,2020,"Financial Year (Apr - Mar), 2020"
Jharkhand,2020,3848,291,171,3848,2422,1219,207,,291,160,17,114,,171,171,0,0,,4139,6406,6010,396,0,291,330,222,108,69,684,339,179,160,505,171,188,122,66,49,462,391,228,163,234,462,545,364,181,98,1488,1913,888,1025,600,3848,291,171,3848,2422,291,160,171,171,6010,222,179,122,228,364,888,2020,"Financial Year (Apr - Mar), 2020"
Karnataka,2020,9188,2176,189,9188,5075,1481,2632,,2176,2020,69,87,,189,181,8,0,,11364,17748,13371,4377,0,2176,2323,2071,252,105,756,499,252,247,504,189,152,122,30,67,2365,2367,1749,618,616,2365,1922,1725,197,640,3499,4574,4741,0,0,9188,2176,189,9188,5075,2176,2020,189,181,13371,2071,252,122,1749,1725,4741,2020,"Financial Year (Apr - Mar), 2020"
Kerala,2020,5410,784,211,5410,3818,586,1006,,784,775,7,2,,211,211,0,0,,6194,6194,5917,277,277,784,1237,1028,209,0,844,192,173,19,671,211,16,12,4,199,995,890,774,116,221,995,587,565,22,430,2261,1984,1760,224,501,5410,784,211,5410,3818,784,775,211,211,5917,1028,173,12,774,565,1760,2020,"Financial Year (Apr - Mar), 2020"
Madhya Pradesh,2020,10226,1199,309,10226,7926,1223,1077,,1199,1092,107,0,,309,304,5,0,,11425,12904,12087,817,0,1199,1525,1065,460,134,1236,1032,46,986,1190,309,309,183,126,126,1508,1508,1323,185,185,1508,1508,823,685,685,3362,3362,2853,509,509,10226,1199,309,10226,7926,1199,1092,309,304,12087,1065,46,183,1323,823,2853,2020,"Financial Year (Apr - Mar), 2020"
Maharashtra,2020,10647,1829,278,10647,9069,1417,161,,1829,1707,122,0,,278,270,2,6,,12476,14766,12804,1962,0,1829,3587,2848,739,0,1112,558,399,159,713,278,136,104,32,174,2107,2205,1958,247,149,2107,2118,1574,544,533,3775,3834,3165,669,610,10647,1829,278,10647,9069,1829,1707,278,270,12804,2848,399,104,1958,1574,3165,2020,"Financial Year (Apr - Mar), 2020"
Manipur,2020,418,85,17,418,332,19,67,,85,79,2,4,,17,17,0,0,,503,962,1002,0,0,85,170,311,0,0,68,24,4,20,64,17,10,9,1,8,102,99,152,0,0,102,53,112,0,0,204,338,336,2,0,418,85,17,418,332,85,79,17,17,1002,311,4,9,152,112,336,2020,"Financial Year (Apr - Mar), 2020"
Meghalaya,2020,440,119,28,440,428,2,10,,119,118,1,0,,28,28,0,0,,559,478,1041,0,0,119,91,190,0,0,112,5,4,1,108,28,10,24,0,4,147,80,168,0,0,147,76,192,0,0,315,315,754,0,0,440,119,28,440,428,119,118,28,28,1041,190,4,24,168,192,754,2020,"Financial Year (Apr - Mar), 2020"
Mizoram,2020,311,57,9,311,311,0,0,,57,57,0,0,,9,9,0,0,,368,,346,,22,57,,58,,0,36,,0,,36,9,,8,,1,66,,42,,24,66,,74,,0,120,,245,,0,311,57,9,311,311,57,57,9,9,346,58,0,8,42,74,245,2020,"Financial Year (Apr - Mar), 2020"
Nagaland,2020,395,130,21,395,313,3,79,,130,123,0,7,,21,21,0,0,,525,747,900,0,0,130,113,120,0,10,84,2,9,0,75,21,3,3,0,18,151,132,132,0,19,151,143,143,0,8,277,316,316,0,0,395,130,21,395,313,130,123,21,21,900,120,9,3,132,143,316,2020,"Financial Year (Apr - Mar), 2020"
Odisha,2020,6688,1288,377,6688,4897,1624,167,,1288,1255,0,33,,377,377,0,0,,7976,7704,8985,0,0,1288,1288,827,461,461,1508,1482,313,1169,1195,377,127,63,64,314,1665,1868,1694,174,0,1665,500,711,0,954,3927,1402,2504,0,1423,6688,1288,377,6688,4897,1288,1255,377,377,8985,827,313,63,1694,711,2504,2020,"Financial Year (Apr - Mar), 2020"
Punjab,2020,2950,427,143,2950,1848,29,1073,,427,362,5,60,,143,132,0,4,,3377,4491,3703,788,0,427,585,391,194,36,572,485,139,346,433,143,147,120,27,23,570,852,629,223,0,570,772,528,244,42,1428,2466,1732,734,0,2950,427,143,2950,1848,427,362,143,132,3703,391,139,120,629,528,1732,2020,"Financial Year (Apr - Mar), 2020"
Rajasthan,2020,13480,2094,548,13480,10621,1204,1655,,2094,1963,21,110,,548,530,2,16,,15574,17941,14917,3024,657,2094,2170,1845,325,249,2192,1376,438,938,1754,548,664,329,335,219,2642,1968,1110,858,1532,2642,2929,1979,950,663,5930,10410,8174,2236,0,13480,2094,548,13480,10621,2094,1963,548,530,14917,1845,438,329,1110,1979,8174,2020,"Financial Year (Apr - Mar), 2020"
Sikkim,2020,147,24,2,147,146,1,0,,24,24,0,0,,2,2,0,0,,171,218,268,0,0,24,48,34,14,0,8,4,2,2,6,2,3,4,0,0,26,15,13,2,13,26,31,37,0,0,38,97,92,5,0,147,24,2,147,146,24,24,2,2,268,34,2,4,13,37,92,2020,"Financial Year (Apr - Mar), 2020"
Tamil Nadu,2020,8713,1420,385,8713,6290,2420,3,,1420,1390,0,30,,385,385,0,0,,10133,12012,10489,1523,0,1420,2976,2708,268,0,1540,319,228,91,1312,385,235,144,91,241,1805,1823,1585,238,220,1805,1872,1165,707,640,4115,8245,7072,1173,0,8713,1420,385,8713,6290,1420,1390,385,385,10489,2708,228,144,1585,1165,7072,2020,"Financial Year (Apr - Mar), 2020"
Telangana,2020,4744,636,85,4744,1273,2694,777,,636,636,0,0,,85,85,0,0,,5380,8996,7943,1053,0,636,1254,1213,41,0,340,625,258,367,82,85,99,44,55,41,721,675,442,233,279,721,773,647,126,74,1231,2412,2076,336,0,4744,636,85,4744,1273,636,636,85,85,7943,1213,258,44,442,647,2076,2020,"Financial Year (Apr - Mar), 2020"
Tripura,2020,965,107,22,965,777,38,150,,107,107,0,0,,22,22,0,0,,1072,,683,,389,107,,222,,0,88,,1,,87,22,,13,,9,129,,171,,0,129,,146,,0,261,,746,,0,965,107,22,965,777,107,107,22,22,683,222,1,13,171,146,746,2020,"Financial Year (Apr - Mar), 2020"
Uttarakhand,2020,1839,257,56,1839,1296,506,37,,257,227,18,12,,56,56,0,0,,2096,2203,2006,197,90,257,476,346,130,0,224,236,32,204,192,56,22,9,13,47,313,325,317,8,0,313,136,61,75,252,649,392,243,149,406,1839,257,56,1839,1296,257,227,56,56,2006,346,32,9,317,61,243,2020,"Financial Year (Apr - Mar), 2020"
Uttar Pradesh,2020,20778,2880,711,20778,17124,3642,12,,2880,2626,218,36,,711,642,47,22,,23658,27476,23591,3885,67,2880,3578,2759,819,121,2844,2171,816,1355,2028,711,402,189,213,522,3591,4239,4181,58,0,3591,2452,1812,640,1779,7857,9757,7408,2349,449,20778,2880,711,20778,17124,2880,2626,711,642,23591,2759,816,189,4181,1812,7408,2020,"Financial Year (Apr - Mar), 2020"
West Bengal,2020,10357,913,348,10357,8580,1332,445,,913,913,0,0,,348,348,0,0,,11270,19238,18591,647,0,913,1390,1098,292,0,1392,1422,641,781,751,348,283,162,121,186,1261,1549,1460,89,0,1261,1101,717,384,544,3349,8609,7778,831,0,10357,913,348,10357,8580,913,913,348,348,18591,1098,641,162,1460,717,7778,2020,"Financial Year (Apr - Mar), 2020"
Andaman & Nicobar Islands,2020,124,22,4,124,124,0,0,,22,22,0,0,,4,4,0,0,,146,134,179,0,0,22,30,48,0,0,16,,1,,15,4,4,4,0,0,26,22,29,0,0,26,15,25,0,1,50,122,148,0,0,124,22,4,124,124,22,22,4,4,179,48,1,4,29,25,148,2020,"Financial Year (Apr - Mar), 2020"
Dadra & Nagar Haveli and Daman & Diu,2020,94,10,4,94,69,15,10,,10,10,0,0,,4,4,0,0,,104,115,147,0,0,10,9,13,0,0,16,2,1,1,15,4,4,4,0,0,14,15,18,0,0,14,18,23,0,0,38,64,77,0,0,94,10,4,94,69,10,10,4,4,147,13,1,4,18,23,77,2020,"Financial Year (Apr - Mar), 2020"
Delhi,2020,12,5,0,12,1,8,3,,5,5,0,0,,0,,,,,17,33,34,0,0,5,19,18,1,0,0,,,,,0,,,,,5,4,4,0,1,5,2,1,1,4,5,6,6,0,0,12,5,0,12,1,5,5,0,,34,18,,,4,1,6,2020,"Financial Year (Apr - Mar), 2020"
Jammu & Kashmir,2020,2470,923,77,2470,872,1598,0,,923,714,209,0,,77,77,0,0,,3393,5000,4511,489,0,923,1477,940,537,0,308,321,230,91,78,77,265,208,57,0,1000,1289,1058,231,0,1000,1004,882,122,118,1462,1815,1385,430,77,2470,923,77,2470,872,923,714,77,77,4511,940,230,208,1058,882,1385,2020,"Financial Year (Apr - Mar), 2020"
Ladakh,2020,238,32,7,238,207,31,0,,32,32,0,0,,7,7,0,0,,270,347,394,0,0,32,23,10,13,22,28,11,5,6,23,7,6,4,2,3,39,24,22,2,17,39,22,20,2,19,81,34,37,0,44,238,32,7,238,207,32,32,7,7,394,10,5,4,22,20,37,2020,"Financial Year (Apr - Mar), 2020"
Lakshadweep,2020,11,4,3,11,8,0,3,,4,4,0,0,,3,3,0,0,,15,40,40,0,0,4,10,10,0,0,12,8,8,0,4,3,5,5,0,0,7,20,20,0,0,7,18,18,0,0,25,63,63,0,0,11,4,3,11,8,4,4,3,3,40,10,8,5,20,18,63,2020,"Financial Year (Apr - Mar), 2020"
Puducherry,2020,53,24,3,53,40,13,0,,24,24,0,0,,3,3,0,0,,77,120,119,1,0,24,45,45,0,0,12,1,0,1,12,3,3,3,0,0,27,30,33,0,0,27,30,28,2,0,45,156,165,0,0,53,24,3,53,40,24,24,3,3,119,45,0,3,33,28,165,2020,"Financial Year (Apr - Mar), 2020"
